society_id,society_name,society_xd_id,language_glottocode,language_name,language_family,variable_id,code,code_label,focal_year,sub_case,comment
Aa1,!Kung,xd1,juho1239,South-Eastern Ju,Kxa,EA031,1,<50,1950,Nyai Nyae region,
Aa2,Dorobo,xd2,okie1245,Okiek,Nilotic,EA031,1,<50,1920,with special reference to Central Dorobo,
Aa7,Naron,xd7,naro1249,Naro,Khoe-Kwadi,EA031,1,<50,1910,,
Aa8,/Xam,xd8,xamm1241,/Xam,Tuu,EA031,1,<50,1850,,
Aa9,Hadza,xd9,hadz1240,Hadza,,EA031,1,<50,1910,Hatsa Kindiga Tribe,"For camps, but 100-199 (code ""3"") for bands comprising a number of camps"
Ac6,Ndembu,xd72,lund1266,Lunda,Atlantic-Congo,EA031,1,<50,1930,,
Aj29,Samburu,xd405,samb1315,Samburu,Nilotic,EA031,1,<50,1950,,
Ca2,Somali,xd426,nort3051,Northern Somali,Afro-Asiatic,EA031,1,<50,1950,Dolbahanta clan or subtribe,
Ca34,Ababda,xd442,abab1239,Ababda,Afro-Asiatic,EA031,1,<50,1920,,
Cg4,Sami,xd544,nort2671,North Saami,Uralic,EA031,1,<50,1950,Konkama District,
Ea10,Marri,xd597,east2304,Eastern Balochi,Indo-European,EA031,1,<50,1950,with special reference to the more nomadic groups,
Eb3,Khalka,xd611,halh1238,Halh Mongolian,Mongolic,EA031,1,<50,1940,Narobanchin Territory,
Ec3,Chukchi,xd631,chuk1273,Chukchi,Chukotko-Kamchatkan,EA031,1,<50,1900,Reindeer Division,
Ec4,Yurak-Samoyeds,xd632,nene1249,Tundra Nenets,Uralic,EA031,1,<50,1900,Yurak Tribe,
Ec6,Yukaghir,xd634,nort2745,Northern Yukaghir,Yukaghir,EA031,1,<50,1850,Upper Kolyma River,
Ec7,Ainu,xd635,ainu1240,Hokkaido Ainu,Ainu,EA031,1,<50,1900,Saru Basin in Hokkaido,
Eg1,Chenchu,xd672,chen1255,Chenchu,Dravidian,EA031,1,<50,1940,with special reference to the forest group,
Eg4,Toda,xd680,toda1252,Toda,Dravidian,EA031,1,<50,1900,Toda Tribe,
Eh1,Andamanese,xd686,akab1249,Aka-Bea,Great Andamanese,EA031,1,<50,1870,,
Eh4,Vedda,xd690,vedd1240,Veddah,Indo-European,EA031,1,<50,1900,with special reference to the Rock Vedda,
Eh5,Nicobarese,xd691,carn1240,Car Nicobarese,Austroasiatic,EA031,1,<50,1890,Car Nicobar of North Islands,
Ej3,Semang,xd725,kens1248,Kensiu,Austroasiatic,EA031,1,<50,1920,Jehai Group or subtribe,
Ia4,Subanun,xd744,cent2089,Central Subanen,Austronesian,EA031,1,<50,1950,with special reference to the Eastern Subanun,
Id1,Northern Aranda,xd772,east2379,Eastern Arrernte,Pama-Nyungan,EA031,1,<50,1900,Alice Springs and environs,
Id13,Anindilyagwa,xd776,anin1240,Anindilyakwa,Gunwinyguan,EA031,1,<50,1930,,
Id2,"Yolngu, Dhuwal",xd777,dhuw1249,Dhuwal,Pama-Nyungan,EA031,1,<50,1930,,
Id4,Diyari,xd779,dier1241,Dieri,Pama-Nyungan,EA031,1,<50,1900,,
Id5,Kariyarra,xd780,kari1304,Kariyarra,Pama-Nyungan,EA031,1,<50,1910,,
Id6,Wikmunkan,xd781,wikm1247,Wik-Mungkan,Pama-Nyungan,EA031,1,<50,1920,with special reference to the Archer River group,
Id7,Murriny Patha,xd782,murr1258,Murriny Patha,Southern Daly,EA031,1,<50,1940,,
Id8,Tasmanians (northwestern),xd783,port1278,Port Sorell,Western Tasmanian,EA031,1,<50,1830,,
Ie23,Muju,xd800,sout2940,South Muyu,Nuclear Trans New Guinea,EA031,1,<50,1950,,
If5,Ponapeans,xd836,pohn1238,Pohnpeian,Austronesian,EA031,1,<50,1910,,
Ig11,Rossel Islanders,xd843,yele1255,Yele,,EA031,1,<50,1920,,
Na1,Nabesna,xd1026,uppe1437,Upper Tanana,Athabaskan-Eyak-Tlingit,EA031,1,<50,1930,,
Na13,Baffin Island Inuit,xd1030,baff1240,North Baffin Inuktitut,Eskimo-Aleut,EA031,1,<50,1880,,
Na14,Inughuit (Northern Greenland),xd1031,pola1254,Polar Eskimo,Eskimo-Aleut,EA031,1,<50,1880,,
Na20,Kutchin,xd1037,gwic1235,Gwich'in,Athabaskan-Eyak-Tlingit,EA031,1,<50,1880,with special reference to the Tatlit of Peel River Kutchin,
Na21,Caribou Inuit,xd1038,cari1277,Kivalliq,Eskimo-Aleut,EA031,1,<50,1900,,
Na22,Iglulik Inuit,xd1025,west2618,Western Canadian Inuktitut,Eskimo-Aleut,EA031,1,<50,1920,with special reference to the Aivilingmiut and Iglulingmiut,
Na23,Labrador Inuit,xd1039,labr1244,North Labrador Eskimo,Eskimo-Aleut,EA031,1,<50,1890,with special reference to the Koksoagmiu,
Na24,Tasiilaq,xd1040,tunu1234,Tunumiisiut,Eskimo-Aleut,EA031,1,<50,1880,,
Na29,Beaver,xd1045,beav1236,Beaver,Athabaskan-Eyak-Tlingit,EA031,1,<50,1850,,
Na3,Copper Inuit,xd1022,copp1244,Inuinnaqtun,Eskimo-Aleut,EA031,1,<50,1920,Coronation Gulf,
Na30,Dene,xd1046,chip1261,Chipewyan,Athabaskan-Eyak-Tlingit,EA031,1,<50,1880,,
Na34,Pekangekum,xd1050,lacs1238,Lac Seul Ojibwa,Algic,EA031,1,<50,1940,a band of Northern Saulteaux very closely akin to Na33 (Berens River band) but described as of a much more recent date,"The ""co-residential group,"" not the band"
Na41,Mi'kmaq,xd1058,mikm1235,Mi'kmaq,Algic,EA031,1,<50,1700,Mainland division,
Na43,Netsilik,xd1060,nets1241,Natsilingmiutut,Eskimo-Aleut,EA031,1,<50,1920,,
Na44,Taqagmiut,xd1061,queb1248,Nunavik,Eskimo-Aleut,EA031,1,<50,1910,,"But 100-199 (code ""3"") today"
Na45,Mistissini Cree,xd1062,sout2978,Southern East Cree,Algic,EA031,1,<50,1900,,
Na5,Naskapi,xd1063,nask1242,Naskapi,Algic,EA031,1,<50,1890,"with special reference to the northern bands (Barren Ground, Ungava, White Whale River)",
Nb17,Puyallup,xd1076,sout2965,Southern Puget Sound Salish,Salishan,EA031,1,<50,1870,,
Nb18,Quileute,xd1077,quil1240,Quileute,Chimakuan,EA031,1,<50,1880,,
Nb27,Stó:lō,xd1087,chil1281,Chiliwack,Salishan,EA031,1,<50,1880,with special reference to the Tait,
Nb32,Shasta,xd1093,shas1239,Shasta,Shastan,EA031,1,<50,1860,with special reference to the Shastika or eastern Shasta,
Nb33,Chimariko,xd1094,chim1301,Chimariko,,EA031,1,<50,1860,,
Nb36,Wiyot,xd1097,wiyo1248,Wiyot,Algic,EA031,1,<50,1860,,
Nb4,Yurok,xd1101,yuro1248,Yurok,Algic,EA031,1,<50,1850,,
Nb5,Eyak,xd1102,eyak1241,Eyak,Athabaskan-Eyak-Tlingit,EA031,1,<50,1890,Eyak Tribe,
Nc12,Maidu,xd1110,nort2952,Northeast Maidu,Maiduan,EA031,1,<50,1850,with special reference to the Northeastern Mountain Maidu,"For the hamlet, but 100-199 (code ""3"") for the hamlet cluster"
Nc2,Tübalulabal,xd1118,tuba1278,Tübatulabal,Uto-Aztecan,EA031,1,<50,1850,,
Nc8,Klamath,xd1139,klam1254,Klamath-Modoc,,EA031,1,<50,1860,Klamath Tribe,
Nc9,Modoc,xd1140,klam1254,Klamath-Modoc,,EA031,1,<50,1860,,
Nd22,Wadadokado,xd1155,nort1551,North Northern Paiute,Uto-Aztecan,EA031,1,<50,1870,Wadadika of Harney Valley,
Nd24,Kidutokado,xd1157,nort1551,North Northern Paiute,Uto-Aztecan,EA031,1,<50,1870,,
Nd26,Wadatkuht,xd992,sout2967,South Northern Paiute,Uto-Aztecan,EA031,1,<50,1870,,
Nd27,Kuyuidokado,xd1160,sout2967,South Northern Paiute,Uto-Aztecan,EA031,1,<50,1860,,
Nd29,Tunava (Deep Springs and Fish Lake),xd1162,mono1275,Mono (USA),Uto-Aztecan,EA031,1,<50,1870,including the Deep Springs Valley and Fish Lake Valley groups,
Nd31,Koso,xd1165,pana1305,Panamint,Uto-Aztecan,EA031,1,<50,1850,,
Nd32,Tümpisa Shoshone (Saline and Panamint),xd1166,pana1305,Panamint,Uto-Aztecan,EA031,1,<50,1850,with special reference to those of Saline Valley,
Nd33,Beatty,xd1167,pana1305,Panamint,Uto-Aztecan,EA031,1,<50,1870,including the Belted Range group,
Nd34,Lida Shoshoni,xd1168,west2622,Western Shoshoni,Uto-Aztecan,EA031,1,<50,1870,,
Nd35,Mahaguaduka,xd1169,west2622,Western Shoshoni,Uto-Aztecan,EA031,1,<50,1870,,
Nd36,Wiyambituka,xd1170,west2622,Western Shoshoni,Uto-Aztecan,EA031,1,<50,1870,,
Nd37,Railroad Valley Shoshoni,xd1171,west2622,Western Shoshoni,Uto-Aztecan,EA031,1,<50,1870,,
Nd38,Ely Shoshoni,xd1172,west2622,Western Shoshoni,Uto-Aztecan,EA031,1,<50,1870,,
Nd39,Spring Valley Shoshoni,xd995,west2622,Western Shoshoni,Uto-Aztecan,EA031,1,<50,1870,including the Shoshoni of Snake and Antelope Valleys,
Nd40,Tubaduka,xd1175,west2622,Western Shoshoni,Uto-Aztecan,EA031,1,<50,1870,,
Nd43,White Knife Shoshoni,xd1178,west2622,Western Shoshoni,Uto-Aztecan,EA031,1,<50,1860,,
Nd47,Tukudika,xd1181,nort2955,Northern Shoshoni,Uto-Aztecan,EA031,1,<50,1850,,
Nd48,Gosiute,xd1183,gosi1242,Gosiute,Uto-Aztecan,EA031,1,<50,1860,with special reference to those of Deep Creek,
Nd49,Antarianunts,xd1184,utee1244,Ute,Uto-Aztecan,EA031,1,<50,1860,including the Kaiparowits band,
Nd50,Panguitch,xd1186,utee1244,Ute,Uto-Aztecan,EA031,1,<50,1860,,
Nd51,Moapa,xd1187,sout2969,Southern Paiute,Uto-Aztecan,EA031,1,<50,1860,,
Nd53,Southern Paiute (Kaibab),xd1189,sout2969,Southern Paiute,Uto-Aztecan,EA031,1,<50,1860,,
Nd55,Southern Paiute (Las Vegas),xd1189,sout2969,Southern Paiute,Uto-Aztecan,EA031,1,<50,1860,"including the Pahrump, Ash Medows, and Tule Springs groups",
Nd6,Washo,xd1196,wash1253,Washo,,EA031,1,<50,1850,,
Nd65,Hualapai,xd1202,wala1270,Walapai,Cochimi-Yuman,EA031,1,<50,1870,,
Nd8,Chilcotin,xd1206,chil1280,Chilcotin,Athabaskan-Eyak-Tlingit,EA031,1,<50,1880,with special reference to the Alexis Creek and Redstone bands,
Nh17,Western Apache,xd1267,west2615,Western Apache,Athabaskan-Eyak-Tlingit,EA031,1,<50,1870,,
Nh22,Quechan,xd1273,quec1382,Quechan,Cochimi-Yuman,EA031,1,<50,1860,,
Sb3,Barí (Motilon),xd1328,yukp1241,Yukpa,Cariban,EA031,1,<50,1940,with special reference to the Iroka,
Sb6,Wayuu,xd1331,wayu1243,Wayuu,Arawakan,EA031,1,<50,1940,Goajiro Tribe,
Sb7,Yupa,xd1332,yukp1241,Yukpa,Cariban,EA031,1,<50,1950,with special reference to the Pariri,
Sc10,Lokono,xd1336,araw1276,Lokono,Arawakan,EA031,1,<50,1900,,
Sc13,Panare,xd1339,enap1235,Panare,Cariban,EA031,1,<50,1950,,
Sc17,Piapoco,xd1343,piap1246,Piapoco,Arawakan,EA031,1,<50,1950,,
Sc3,Barama River Carib,xd1346,mura1272,Murato,Cariban,EA031,1,<50,1930,Barama River,
Sc7,Yabarana,xd1350,yaba1248,Yabarana,Cariban,EA031,1,<50,1950,,
Sc9,Curripaco,xd1352,curr1243,Curripaco,Arawakan,EA031,1,<50,1950,,
Sd8,Sanema,xd1360,sanu1240,Sanumá,Yanomamic,EA031,1,<50,1950,,
Se1,Sirionó,xd1362,siri1273,Sirionó,Tupian,EA031,1,<50,1940,Vicinity of the Rio Blanco,
Se3,Shuar,xd1367,shua1257,Shuar,Chicham,EA031,1,<50,1930,,
Se4,Yagua,xd1368,yagu1244,Yagua,Peba-Yagua,EA031,1,<50,1940,,
Se5,Cubeo,xd1369,cube1242,Cubeo,Tucanoan,EA031,1,<50,1940,Village on Caduiari River,
Se8,Amahuaca,xd1372,amah1246,Amahuaca,Pano-Tacanan,EA031,1,<50,1950,Upper Inuya River,
Se9,Shipibo-Conibo,xd1373,ship1254,Shipibo-Conibo,Pano-Tacanan,EA031,1,<50,1920,,
Sf7,Asháninka,xd1380,ajyi1238,Ajyíninka Apurucayali,Arawakan,EA031,1,<50,1900,,
Sg1,Yahgan,xd1383,yama1264,Yámana,,EA031,1,<50,1870,Eastern and central,
Sg5,Alacaluf,xd1387,qawa1238,Qawasqar,Kawesqar,EA031,1,<50,1900,with special reference to the southern bands,
Sh5,Choroti,xd1392,iyow1239,Iyo'wujwa Chorote,Matacoan,EA031,1,<50,1910,,
Si2,Trumai,xd1399,trum1247,Trumai,,EA031,1,<50,1930,Village of Vanivani,
Si3,Bacairi,xd1400,baka1277,Bakairí,Cariban,EA031,1,<50,1940,Simao Lopes,
Si4,Nambikwara,xd1401,sout2994,Southern Nambikuára,Nambiquaran,EA031,1,<50,1940,Cocozu Group,
Si7,Paresi,xd1404,pare1272,Parecís,Arawakan,EA031,1,<50,1910,with special reference to the Cozarimi,
Sj3,Aweikoma,xd1411,xokl1240,Xokleng,Nuclear-Macro-Je,EA031,1,<50,1910,Duque de Caxias Reservation,
ec12,Nganasan,xd620,ngan1291,Nganasan,Uralic,EA031,1,<50,1930,Avam (Western) group,
ec16,Evenk,xd624,even1259,Evenki,Tungusic,EA031,1,<50,1890,Barguzin group,
Ab3,Lozi,xd26,lozi1239,Lozi,Atlantic-Congo,EA031,2,50-99,1890,Ruling Luyana,
Ac13,Tonga,xd37,tong1321,Tonga (Nyasa),Atlantic-Congo,EA031,2,50-99,1950,,
Ac17,Suku,xd41,suku1259,Suku,Atlantic-Congo,EA031,2,50-99,1910,Feshi territory lineage center,
Ac18,Sundi,xd42,koon1244,South-Central Kikongo,Atlantic-Congo,EA031,2,50-99,1910,,
Ac19,Teke,xd43,teke1278,Teke-Eboo-Nzikou,Atlantic-Congo,EA031,2,50-99,1880,,
Ac33,Lala,xd59,lala1264,Lala-Bisa,Atlantic-Congo,EA031,2,50-99,1940,,
Ac37,Kunda,xd63,kund1255,Chikunda,Atlantic-Congo,EA031,2,50-99,1950,,
Ac40,Sena,xd67,nucl1396,Sena,Atlantic-Congo,EA031,2,50-99,1900,,
Ad20,Nyamwezi,xd88,nyam1276,Nyamwezi,Atlantic-Congo,EA031,2,50-99,1920,,
Ae2,Kpe,xd138,mokp1239,Mokpwe,Atlantic-Congo,EA031,2,50-99,1950,,
Ae3,Fang,xd149,fang1246,Fang (Equatorial Guinea),Atlantic-Congo,EA031,2,50-99,1910,,
Ae32,Kumu,xd152,komo1260,Komo (Democratic Republic of Congo),Atlantic-Congo,EA031,2,50-99,1920,,
Ae58,Tikar,xd180,tige1238,Tige,Atlantic-Congo,EA031,2,50-99,1910,,
Af49,Sapo,xd229,sapo1251,Sapo,Atlantic-Congo,EA031,2,50-99,1940,,
Ag8,Coniagui,xd296,wame1240,Wamey,Atlantic-Congo,EA031,2,50-99,1910,with special reference to the Coniagui,
Ai5,Mamvu,xd379,mamv1243,Mamvu,Central Sudanic,EA031,2,50-99,1920,,
Aj2,Maasi,xd395,masa1300,Masai,Nilotic,EA031,2,50-99,1900,Kisonko or Southern Masai of Tanzania,"50-99 (code ""2"") or 100-199 (code ""3"") if several associated camps or kraals are considered a community"
Cb15,Messiria Humr,xd464,tama1331,Tama (Chad),Tamaic,EA031,2,50-99,1940,with special reference to the Humr,
Cb24,Wodaabe Fulani,xd474,boro1274,Bororo of Kano and Zaria,Atlantic-Congo,EA031,2,50-99,1950,Wodaabe of Niger,
Cb8,Bororo Fulani,xd485,boro1274,Bororo of Kano and Zaria,Atlantic-Congo,EA031,2,50-99,1920,with special reference to the Bororo Fulani of Skoto,
Cc10,Asben,xd488,taya1257,Tayart Tamajeq,Afro-Asiatic,EA031,2,50-99,1900,,
Cc14,Daza,xd492,daza1242,Dazaga,Saharan,EA031,2,50-99,1880,,
Cc16,Chaambra,xd494,algi1247,Algiers,Afro-Asiatic,EA031,2,50-99,1930,,
Cc2,Teda,xd498,teda1241,Tedaga,Saharan,EA031,2,50-99,1950,Nomads of Tibesti,
Cc9,Tuareg Ahaggar,xd506,hogg1238,Hoggar,Afro-Asiatic,EA031,2,50-99,1920,Ahaggaren tribe,
Cd1,Barabra,xd507,kenu1236,Kenuzi-Dongola,Nubian,EA031,2,50-99,1920,Kenuzi Nubians of Dahmit,
Eb1,Kazakh,xd609,kaza1248,Kazakh,Turkic,EA031,2,50-99,1910,Great Horde,
Ec1,Nivkh,xd617,gily1242,Nivkh,,EA031,2,50-99,1920,Sakhalin Island,
Ec2,Yakut,xd628,yaku1245,Sakha,Turkic,EA031,2,50-99,1900,with special reference to the Yakutsk district,
Ec8,Ket,xd636,kett1243,Ket,Yeniseian,EA031,2,50-99,1900,,
Ef5,Bhil,xd667,bhil1251,Bhili,Indo-European,EA031,2,50-99,1900,,
Eg14,Reddi,xd677,mukh1238,Mukha-Dora,Dravidian,EA031,2,50-99,1940,with special reference to those of the Bison Hills,
Eg3,Madia,xd679,mari1414,Maria (India),Dravidian,EA031,2,50-99,1938,Hill Maria,
Eg7,Hill Bhuiya,xd683,oriy1255,Odia,Indo-European,EA031,2,50-99,1930,with special reference to the Pauri or Hill Bhuiya,
Eg9,Baiga,xd685,chha1249,Chhattisgarhi,Indo-European,EA031,2,50-99,1930,,
Ei11,Aimol,xd698,aimo1244,Aimol,Sino-Tibetan,EA031,2,50-99,1910,,
Ei18,Palaung,xd705,shwe1236,Shwe Palaung,Austroasiatic,EA031,2,50-99,1920,with special reference to the Katur subtribe,
Ei6,Purum,xd712,puru1266,Purum,Sino-Tibetan,EA031,2,50-99,1930,,
Ei8,Khasi,xd714,khas1269,Khasi,Austroasiatic,EA031,2,50-99,1900,with special reference to those of the Jaintia Hills,
Ej1,Lamet,xd716,lame1256,Lamet,Austroasiatic,EA031,2,50-99,1940,"Lamet Tribe, Northwestern Laos",
Ej14,Senoi,xd721,sema1266,Semai,Austroasiatic,EA031,2,50-99,1960,with special reference to the eastern Semai,
Id11,Gidjingali,xd774,gunn1248,Gun-narda,Maningrida,EA031,2,50-99,1950,,
Ie1,Mee,xd785,ekar1243,Ekari,Nuclear Trans New Guinea,EA031,2,50-99,1950,"Botukebo village, Kamu Valley,  Ijaaj-Pigome confederacy",
Ie2,Wantoat,xd796,want1252,Wantoat,Nuclear Trans New Guinea,EA031,2,50-99,1920,,
Ie33,Soromadja,xd811,nucl1595,Kwerba,Greater Kwerba,EA031,2,50-99,1950,with special reference to the village of Muramarew,
Ie4,Wogeo,xd818,woge1237,Wogeo,Austronesian,EA031,2,50-99,1930,"Dap, Wonevaro district",
Ie5,Keraki,xd819,namb1293,Nambo,Morehead-Wasur,EA031,2,50-99,1930,,
Ie9,Orokaiva,xd823,orok1269,Orokaiva,Nuclear Trans New Guinea,EA031,2,50-99,1920,,
If4,Ifaluk,xd835,nucl1479,Nuclear Woleaian,Austronesian,EA031,2,50-99,1940,with special reference to the inhabitants of Ifaluk atoll,
If6,Yapese,xd837,yape1248,Yapese,Austronesian,EA031,2,50-99,1910,Island,
If9,Ulithians,xd840,ulit1238,Ulithian,Austronesian,EA031,2,50-99,1900,,
Ig10,Usiai,xd842,lele1270,Lele (Papua New Guinea),Austronesian,EA031,2,50-99,1950,,
Ih3,Bunlap,xd869,saaa1241,Sa,Austronesian,EA031,2,50-99,1950,Bunlap Village,"50-99 (code ""2"") or 100-199 (code ""3"") before recent depopulation"
Ih4,Lau,xd870,laua1243,Lauan,Austronesian,EA031,2,50-99,1920,Lau Island,
Ih8,Vanua Levu,xd874,nort2843,Northeast Vanua Levu,Austronesian,EA031,2,50-99,1940,with special reference to the village of Nakaroka,
Ii1,American Samoans,xd876,samo1305,Samoan,Austronesian,EA031,2,50-99,1920,with special reference to American Samoa,
Ij3,Marquesans,xd892,nort2845,North Marquesan,Austronesian,EA031,2,50-99,1900,,
Na12,Nunamiut,xd1029,nort2944,North Slope Inupiatun,Eskimo-Aleut,EA031,2,50-99,1950,,
Na17,DeneTha,xd1034,sout2959,South Slavey,Athabaskan-Eyak-Tlingit,EA031,2,50-99,1860,"Lynx Point band, Fort Simpson",
Na33,Northern Saulteaux,xd1049,alba1270,Albany River Ojibwa,Algic,EA031,2,50-99,1870,Berens River band,
Na35,Nipigon,xd1051,cent2136,Central Ojibwa,Algic,EA031,2,50-99,1800,,
Na36,Minnesota Ojibwa,xd1052,redl1238,Red Lake Chippewa,Algic,EA031,2,50-99,1860,with special reference to the Red Lake and White Earth bands,
Na37,Rainy River Ojibwe,xd1053,rain1239,Rainy River Ojibwa,Algic,EA031,2,50-99,1880,,
Na38,Katikitegon,xd1054,uppe1274,Upper Michigan-Wisconsin Chippewa,Algic,EA031,2,50-99,1800,with special reference to the Lac Vieux Desert band,
Na39,Eastern Ojibwa,xd1055,east2542,Eastern Ojibwa,Algic,EA031,2,50-99,1870,with special reference to the Kitchibuan of Parry Island,
Na4,Kaska,xd1056,kask1239,Kaska,Athabaskan-Eyak-Tlingit,EA031,2,50-99,1920,Upper Liard and Dease River Group,
Na7,Attawapiskat Cree,xd1065,swam1239,Swampy Cree,Algic,EA031,2,50-99,1900,with special reference to the Attawapiskat Swampy Cree,
Nb16,Klallam,xd1075,clal1241,Clallam,Salishan,EA031,2,50-99,1860,,
Nb2,Twana,xd1079,twan1247,Twana,Salishan,EA031,2,50-99,1850,Twana Tribe,
Nb23,Heiltsuk,xd1083,bell1263,Bella Bella,Wakashan,EA031,2,50-99,1880,,
Nb25,Quinault,xd1085,quin1251,Quinault,Salishan,EA031,2,50-99,1860,,
Nb35,Hupa,xd1096,hupa1239,Hupa,Athabaskan-Eyak-Tlingit,EA031,2,50-99,1860,,
Nb39,Sinkyone,xd1100,wail1244,Wailaki,Athabaskan-Eyak-Tlingit,EA031,2,50-99,1860,,
Nb9,Nuxalk,xd1106,bell1243,Bella Coola,Salishan,EA031,2,50-99,1880,"Central group, lower B.C. River",
Nc14,Wintu,xd1112,nucl1651,Nuclear Wintu,Wintuan,EA031,2,50-99,1860,with special reference to the northeastern Wintu,
Nc23,Western Mono,xd1122,mono1275,Mono (USA),Uto-Aztecan,EA031,2,50-99,1870,,
Nc4,Atsugewi,xd1135,atsu1245,Atsugewi,Palaihnihan,EA031,2,50-99,1860,,
Nc7,Yuki,xd1138,yuki1243,Yuki,Yuki-Wappo,EA031,2,50-99,1850,,
Nd15,Sinkaitk,xd1147,sout2963,Southern Okanogan,Salishan,EA031,2,50-99,1880,,
Nd18,Wishram,xd1150,wasc1239,Wasco-Wishram,Chinookan,EA031,2,50-99,1860,,
Nd20,Nez Perce,xd1153,nezp1238,Nez Perce,Sahaptian,EA031,2,50-99,1850,,
Nd4,Sanpoil,xd1174,sanp1257,Sanpoil,Salishan,EA031,2,50-99,1870,,
Nd42,Elko Shoshoni,xd1177,west2622,Western Shoshoni,Uto-Aztecan,EA031,2,50-99,1870,"including the Carlin, Halleck, and Wells groups",
Nd44,Yahanduka,xd1179,west2622,Western Shoshoni,Uto-Aztecan,EA031,2,50-99,1850,,
Nd45,Bohogue,xd1180,nort2955,Northern Shoshoni,Uto-Aztecan,EA031,2,50-99,1860,,
Nd46,Agaiduka,xd1182,nort2955,Northern Shoshoni,Uto-Aztecan,EA031,2,50-99,1860,,
Nd62,Uncompahgre Ute,xd1199,utee1244,Ute,Uto-Aztecan,EA031,2,50-99,1860,,
Nd63,Bannock,xd1200,bann1248,Bannock,Uto-Aztecan,EA031,2,50-99,1860,with special reference to the Eastern Bannock,
Nd67,Tolkepaya,xd1204,yava1252,Yavapai,Cochimi-Yuman,EA031,2,50-99,1870,,
Nf3,Omaha,xd1237,omah1248,Omaha,Siouan,EA031,2,50-99,1850,Omaha Tribe,
Nh5,Maricopa,xd1281,mari1440,Maricopa,Cochimi-Yuman,EA031,2,50-99,1850,,
Sa1,Guna,xd1309,bord1248,Border Kuna,Chibchan,EA031,2,50-99,1940,San Blas Archipelago,
Sa4,Emberá,xd1320,nort2972,Northern Emberá,Chocoan,EA031,2,50-99,1960,with special reference to those of Panama,
Sc1,Warao,xd1335,wara1303,Warao,,EA031,2,50-99,1950,,
Sc4,Guahibo,xd1347,guah1255,Guahibo,Guahiboan,EA031,2,50-99,1950,with special reference to the non-agricultural groups,
Sd1,Munduruku,xd1353,mund1330,Mundurukú,Tupian,EA031,2,50-99,1950,Cabrura village,
Sd4,Guaica,xd1356,yano1262,Yanomámi,Yanomamic,EA031,2,50-99,1950,,
Sd5,Sateré Mawé,xd1357,sate1243,Sateré-Mawé,Tupian,EA031,2,50-99,1950,,
Sd6,Shiriana,xd1358,nina1238,Ninam,Yanomamic,EA031,2,50-99,1960,,
Sd9,Yanomami,xd1361,yano1261,Yanomamö,Yanomamic,EA031,2,50-99,1965,Shamatari Tribe; Bisaasi-teri,
Sg2,Mapuche,xd1384,mapu1245,Mapudungun,Araucanian,EA031,2,50-99,1880,Cholchol,
Sg3,Ona,xd1385,onaa1245,Selk'nam,Chonan,EA031,2,50-99,1880,with special reference to the Shelknam,
Sg4,Tehuelche,xd1386,tehu1242,Tehuelche,Chonan,EA031,2,50-99,1870,Equestrian,
Sh1,Wichí,xd1388,wich1264,Wichí Lhamtés Güisnay,Matacoan,EA031,2,50-99,1860,,
Si8,Umotina,xd1405,umot1240,Umotína,Bororoan,EA031,2,50-99,1940,,
Sj5,Aimoré,xd1413,kren1239,Krenak,Nuclear-Macro-Je,EA031,2,50-99,1880,Naknenuk subtribe,
Sj7,Apinaye,xd1415,apin1244,Apinayé,Nuclear-Macro-Je,EA031,2,50-99,1920,,
ch18,Ingrians,xd555,ingr1248,Ingrian,Uralic,EA031,2,50-99,1927,"with special reference to those of the Kingisepp Rajon, the Leningrad Region",
ch19,Karelians,xd556,livv1243,Livvi,Uralic,EA031,2,50-99,1874,with special reference to the Livvikjoj group of the Olonetskij Uezd,
ch27,Veps,xd565,veps1250,Veps,Uralic,EA031,2,50-99,1900,with special reference to the Petrozavodskij Uezd Veps,
ch28,Votes,xd566,voti1245,Votic,Uralic,EA031,2,50-99,1900,with special reference to those of the Yamburg Uezd,
ec13,Itelmen,xd621,itel1242,Itelmen,Chukotko-Kamchatkan,EA031,2,50-99,1710,those of Eastern Kamchatka,
ec14,Ungazikmit,xd622,cent2128,Central Siberian Yupik,Eskimo-Aleut,EA031,2,50-99,1880,those of South-Eastern Chukotka,
ec15,Mansi,xd623,mans1258,Northern Mansi,Uralic,EA031,2,50-99,1880,Middle Northern Sos'va group,
ec17,Negidal,xd625,negi1245,Negidal,Tungusic,EA031,2,50-99,1890,Upper Amgun' River group,
ec18,Ulch,xd626,ulch1241,Ulch,Tungusic,EA031,2,50-99,1890,Ulch people as a whole,
ec19,Orok,xd627,orok1265,Orok,Tungusic,EA031,2,50-99,1890,Northern group,
ec20,Oroch,xd629,oroc1248,Oroch,Tungusic,EA031,2,50-99,1890,Oroch people as a whole,
ec21,Udihe,xd630,udih1248,Udihe,Tungusic,EA031,2,50-99,1890,Hor River group,
Aa3,Nama,xd3,nama1265,Nama,Khoe-Kwadi,EA031,3,100-199,1840,Gei/Khauan tribe,
Aa5,Mbuti,xd5,bila1255,Bila,Atlantic-Congo,EA031,3,100-199,1930,"Epulu net-hunters, Ituri forest",
Ab18,Shona,xd19,shon1251,Shona,Atlantic-Congo,EA031,3,100-199,1920,with special reference to the Zezuru,
Ac10,Chewa,xd34,chew1246,Chewa,Atlantic-Congo,EA031,3,100-199,1920,,
Ac22,Dzing,xd47,ding1239,Ding,Atlantic-Congo,EA031,3,100-199,1930,,
Ac23,Lele,xd48,lele1265,Lele (Democratic Republic of Congo),Atlantic-Congo,EA031,3,100-199,1950,with special reference to the western Lele,
Ac3,Bemba,xd55,town1238,Town Bemba,Atlantic-Congo,EA031,3,100-199,1900,Zambia branch,
Ac4,Kuba,xd66,bush1247,Bushoong,Atlantic-Congo,EA031,3,100-199,1910,"with special reference to the Bushoong, the central subtribe",
Ac43,Mambwe,xd70,mamb1296,Mambwe-Lungu,Atlantic-Congo,EA031,3,100-199,1910,,
Ac7,Yao,xd73,yaoo1241,Yao,Atlantic-Congo,EA031,3,100-199,1920,,
Ac9,Ngoni,xd75,ngon1269,Ngoni,Atlantic-Congo,EA031,3,100-199,1940,with special reference to the Mpezeni group of Fort Jameson,
Ad10,Shambaa,xd77,sham1280,Shambala,Atlantic-Congo,EA031,3,100-199,1910,,
Ad15,Iwa,xd82,nyam1275,Nyamwanga,Atlantic-Congo,EA031,3,100-199,1900,,
Ad19,Fipa,xd86,fipa1238,Fipa,Atlantic-Congo,EA031,3,100-199,1910,,
Ad37,Teita,xd106,tait1250,Taita,Atlantic-Congo,EA031,3,100-199,1940,,
Ad45,Nyankole,xd115,nyan1307,Nyankole,Atlantic-Congo,EA031,3,100-199,1920,,
Ad6,Nyakyusa,xd123,nyak1261,Nyakyusa,Atlantic-Congo,EA031,3,100-199,1930,Age villages of Mwaya and Masoko,
Ae1,Amba,xd127,amba1263,Amba (Uganda),Atlantic-Congo,EA031,3,100-199,1950,with special reference to those of Bwamba in Uganda,
Ae10,Banyaruanda,xd128,kiny1244,Kinyarwanda,Atlantic-Congo,EA031,3,100-199,1910,,
Ae30,Bira,xd150,bila1255,Bila,Atlantic-Congo,EA031,3,100-199,1920,,
Ae39,Ngombe,xd159,binj1250,Binja,Atlantic-Congo,EA031,3,100-199,1920,,
Af2,Kissi,xd197,nort2765,Northern Kissi,Atlantic-Congo,EA031,3,100-199,1950,,
Af47,Krahn,xd227,west2488,Western Krahn,Atlantic-Congo,EA031,3,100-199,1940,,
Af53,Tura,xd234,tour1242,Toura (Côte d'Ivoire),Mande,EA031,3,100-199,1950,,
Ag11,Lobi,xd246,lobi1245,Lobi,Atlantic-Congo,EA031,3,100-199,1910,,
Ag3,Dogon,xd266,bank1259,Bankan Tey Dogon,Dogon,EA031,3,100-199,1930,,
Ag33,Dyan,xd270,dyan1251,Dyan,Atlantic-Congo,EA031,3,100-199,1920,,
Ag35,Kulango,xd272,boun1243,Bouna Kulango,Atlantic-Congo,EA031,3,100-199,1910,,
Ag5,Birifor,xd288,sout2790,Southern Birifor,Atlantic-Congo,EA031,3,100-199,1930,,
Ah39,Podokwo,xd330,park1239,Parkwa,Afro-Asiatic,EA031,3,100-199,1950,,
Ah8,Bafute,xd335,vute1244,Vute,Atlantic-Congo,EA031,3,100-199,1910,,
Ai14,Mbum,xd342,mbum1254,Mbum,Atlantic-Congo,EA031,3,100-199,1920,,
Ai3,Azande,xd359,zand1248,Zande,Atlantic-Congo,EA031,3,100-199,1920,,
Aj4,Lango,xd409,lang1324,Lango (Uganda),Nilotic,EA031,3,100-199,1920,,
Aj6,Luo,xd411,luok1236,Luo (Kenya and Tanzania),Nilotic,EA031,3,100-199,1940,,
Ca38,Tigre,xd446,mans1267,Mansa',Afro-Asiatic,EA031,3,100-199,1860,"with special reference to the Maria (Marea, Marya) subtribe in the north",
Ca4,Iraqw,xd448,iraq1241,Iraqw,Afro-Asiatic,EA031,3,100-199,1950,,
Ca6,Afar,xd454,afar1241,Afar,Afro-Asiatic,EA031,3,100-199,1880,,
Cb10,Karekare,xd459,kare1348,Karekare,Afro-Asiatic,EA031,3,100-199,1920,,
Cf3,Tristan da Cunha,xd538,stan1293,English,Indo-European,EA031,3,100-199,1930,,
Ea3,Hazara,xd602,haza1239,Hazaragi,Indo-European,EA031,3,100-199,1930,with special reference to the Urazgani,
Ea7,Moghol,xd606,mogh1245,Mogholi,Mongolic,EA031,3,100-199,1950,,
Eb7,Chahar,xd615,peri1253,Peripheral Mongolian,Mongolic,EA031,3,100-199,1930,,
Ec5,Koryak,xd633,kory1246,Koryak,Chukotko-Kamchatkan,EA031,3,100-199,1900,with special reference to the Maritime Koryak,
Ed2,Lolo,xd645,sich1238,Sichuan Yi,Sino-Tibetan,EA031,3,100-199,1940,Liang Shan and Taliang S,
Ed4,Miao,xd647,horn1235,Horned Miao,Hmong-Mien,EA031,3,100-199,1940,with special reference to the Magpie (Yachio) Miao,
Ed9,Li,xd652,hlai1239,Hlai,Tai-Kadai,EA031,3,100-199,1930,,
Ee1,Adi,xd653,bori1243,Bori-Karko,Sino-Tibetan,EA031,3,100-199,1940,,
Ee3,Lepcha,xd655,lepc1244,Lepcha,Sino-Tibetan,EA031,3,100-199,1930,Lingthem and vicinity,
Eg5,Kodavas,xd681,koda1255,Kodava,Dravidian,EA031,3,100-199,1930,,
Eh3,Tanala,xd689,tana1285,Tanala,Austronesian,EA031,3,100-199,1930,Menabe subtribe,
Ei1,Garo,xd696,garo1247,Garo,Sino-Tibetan,EA031,3,100-199,1900,Rengsanggr,
Ei5,Kachin,xd711,kach1280,Southern Jinghpaw,Sino-Tibetan,EA031,3,100-199,1940,with special reference to the Jinghpaw,
Ej2,Mnong Gar,xd724,east2333,Eastern Mnong,Austroasiatic,EA031,3,100-199,1940,with special reference to the village of Sar Luk,
Ia1,Atayal,xd732,atay1247,Atayal,Austronesian,EA031,3,100-199,1930,Atayal Tribe (but exdluding Sedeq),
Ia3,Ifugao,xd743,tuwa1243,Tuwali Ifugao,Austronesian,EA031,3,100-199,1920,Kiangan Group,
Ia5,Hanunoo,xd745,hanu1241,Hanunoo,Austronesian,EA031,3,100-199,1950,,
Ic1,Macassarese,xd759,maka1311,Makasar,Austronesian,EA031,3,100-199,1940,Borongloe,
Ic2,Alorese,xd764,abui1241,Abui,Timor-Alor-Pantar,EA031,3,100-199,1940,Abui of Atimelang Village,
Id10,Walbiri,xd773,warl1254,Warlpiri,Pama-Nyungan,EA031,3,100-199,1930,,
Id3,Tiwi,xd778,tiwi1244,Tiwi,,EA031,3,100-199,1920,Tiwi Tribe: Melville Island,
Ie26,Ngarawapum,xd803,adze1240,Adzera,Austronesian,EA031,3,100-199,1940,,
Ie30,Mimika,xd808,kamo1255,Kamoro,Nuclear Trans New Guinea,EA031,3,100-199,1950,,
Ie31,Fore,xd809,fore1270,Fore,Nuclear Trans New Guinea,EA031,3,100-199,1950,,
If12,Bikinians,xd827,rali1241,Rälik,Austronesian,EA031,3,100-199,1940,,
If17,Marshallese,xd832,rata1243,Ratak,Austronesian,EA031,3,100-199,1900,with special reference to the island of Jaluit,
If2,Trukese,xd833,chuu1238,Chuukese,Austronesian,EA031,3,100-199,1940,Romonum Island,
If3,Majuro,xd834,rata1243,Ratak,Austronesian,EA031,3,100-199,1940,With special reference to the inhabitants of Majuro,
Ig2,Trobriands,xd852,kili1267,Kilivila,Austronesian,EA031,3,100-199,1910,Kiriwina Island,
Ig20,Kaoka,xd853,long1395,Longgu,Austronesian,EA031,3,100-199,1920,with special reference to the village of Longgu,
Ig3,Kurtatchi,xd855,tinp1237,Tinputz,Austronesian,EA031,3,100-199,1930,,
Ig6,Ulawans,xd858,saaa1240,Sa'a,Austronesian,EA031,3,100-199,1900,,
Ig7,Lakalai,xd859,naka1262,Nakanai,Austronesian,EA031,3,100-199,1950,,
Ig9,Manus,xd861,tita1241,Titan,Austronesian,EA031,3,100-199,1920,Peri Village,
Ii3,Pukapukans,xd882,puka1242,Pukapuka,Austronesian,EA031,3,100-199,1930,,
Na11,Sivokakmeit,xd1028,cent2128,Central Siberian Yupik,Eskimo-Aleut,EA031,3,100-199,1920,,
Na2,Tareumiut,xd1036,nort2944,North Slope Inupiatun,Eskimo-Aleut,EA031,3,100-199,1880,,
Na32,Montagnais,xd1048,mont1268,Montagnais,Algic,EA031,3,100-199,1880,Lake St. John & Mistassini Band,
Na9,Aleut,xd1067,east2533,Eastern Aleut,Eskimo-Aleut,EA031,3,100-199,1830,Unalaska Branch (Eastern Aleut),
Nb15,Lummi,xd1074,lumm1243,Lummi,Salishan,EA031,3,100-199,1880,,
Nb24,Makah,xd1084,maka1318,Makah,Wakashan,EA031,3,100-199,1860,,
Nc1,Nomlaki,xd1107,noml1242,Nomlaki,Wintuan,EA031,3,100-199,1850,,
Nc18,Eastern Pomo,xd1116,east2545,Eastern Pomo,Pomoan,EA031,3,100-199,1860,"Clear Lake, Village of Cignon",
Nc20,Wappo,xd1119,wapp1239,Wappo,Yuki-Wappo,EA031,3,100-199,1860,,
Nc26,Salinan,xd1125,sali1253,Salinan,,EA031,3,100-199,1770,,
Nc33,Luiseño,xd1133,luis1253,Luiseno,Uto-Aztecan,EA031,3,100-199,1860,,
Nc6,Kumeyaay,xd1137,kumi1248,Tipai,Cochimi-Yuman,EA031,3,100-199,1850,with special reference to the Southern Diegueno,
Nd11,Shuswap,xd1143,shus1248,Shuswap,Salishan,EA031,3,100-199,1850,with special reference to the southeastern Shuswap,
Nd14,Coeur d’Alene,xd1146,coeu1236,Coeur d'Alene,Salishan,EA031,3,100-199,1860,,
Nd3,Havasupai,xd1163,hava1249,Havasupai,Cochimi-Yuman,EA031,3,100-199,1870,Havasupai Tribe,
Nd64,Wind River Eastern Shoshone,xd1201,nort2955,Northern Shoshoni,Uto-Aztecan,EA031,3,100-199,1860,with special reference to the Kucundika,
Ne13,Kainai,xd1212,bloo1239,Blood,Algic,EA031,3,100-199,1850,,
Ne17,Kiowa,xd1216,kiow1266,Kiowa,Kiowa-Tanoan,EA031,3,100-199,1860,,
Nh9,Picuris,xd1285,picu1248,Picuris Northern Tiwa,Kiowa-Tanoan,EA031,3,100-199,1920,,
Sa9,Miskito,xd1325,misk1235,Mískito,Misumalpan,EA031,3,100-199,1920,Vicinity: Cape Gracias a Dios,
Sc18,Ndyuka,xd1344,ndyu1242,Aukan,Indo-European,EA031,3,100-199,1960,,
Sd2,Tapirapé,xd1354,tapi1254,Tapirapé,Tupian,EA031,3,100-199,1930,,
Se2,Ticuna,xd1366,ticu1245,Ticuna,Ticuna-Yuri,EA031,3,100-199,1940,,
Sf4,U'wa,xd1377,cent2150,Central Tunebo,Chibchan,EA031,3,100-199,1950,,
Si10,Kuikuru,xd1398,kuik1246,Kuikúro-Kalapálo,Cariban,EA031,3,100-199,1950,,
Si5,Kamayurá,xd1402,kama1373,Kamayurá,Tupian,EA031,3,100-199,1940,,
Sj11,Shavante,xd1409,xava1240,Xavánte,Nuclear-Macro-Je,EA031,3,100-199,1958,Village of Sao Domingo,
Sj4,Canela,xd1412,cane1242,Canela-Krahô,Nuclear-Macro-Je,EA031,3,100-199,1930,Ramcocamecra or Canella,
Sj9,Kayapo,xd1417,kaya1330,Kayapó,Nuclear-Macro-Je,EA031,3,100-199,1950,,
ch23,Lithuanian Tatar,xd561,west2405,Western Tatar,Turkic,EA031,3,100-199,1905,with special reference to those of the Vilenskaja Gubernija,
ch24,Livs,xd562,livv1244,Liv,Uralic,EA031,3,100-199,1847,with special reference to the Northwest Courland,
Ab15,Pedi,xd16,tswe1238,Tswene,Atlantic-Congo,EA031,4,200-399,1860,,
Ab5,Mbundu,xd28,umbu1257,Umbundu,Atlantic-Congo,EA031,4,200-399,1930,,
Ab6,Venda,xd29,vend1245,Venda,Atlantic-Congo,EA031,4,200-399,1900,,
Ab8,Sotho,xd31,sout2807,Southern Sotho,Atlantic-Congo,EA031,4,200-399,1860,Basuto,
Ac1,Ila,xd33,ilaa1246,Ila,Atlantic-Congo,EA031,4,200-399,1920,,
Ac30,Plateau Tonga,xd56,tong1318,Tonga (Zambia),Atlantic-Congo,EA031,4,200-399,1940,,
Ac8,Yombe,xd74,yomb1244,Yombe,Atlantic-Congo,EA031,4,200-399,1930,,
Ad38,Kara,xd107,kara1481,Kara (Tanzania),Atlantic-Congo,EA031,4,200-399,1910,,
Ad4,Kikuyu,xd109,kiku1240,Kikuyu,Atlantic-Congo,EA031,4,200-399,1930,Fort Hall or Metume district,
Ad41,Vugusu,xd111,buku1249,Bukusu,Atlantic-Congo,EA031,4,200-399,1930,,
Ad42,Haya,xd112,haya1250,Haya,Atlantic-Congo,EA031,4,200-399,1900,,
Ae28,Ngala,xd147,ling1263,Lingala,Atlantic-Congo,EA031,4,200-399,1900,,
Ae31,Budu,xd151,budu1250,Budu,Atlantic-Congo,EA031,4,200-399,1920,,
Ae45,Kundu,xd166,orok1266,Oroko,Atlantic-Congo,EA031,4,200-399,1900,,
Af11,Toma,xd188,toma1245,Toma,Mande,EA031,4,200-399,1920,,
Af15,Kpelle,xd192,libe1247,Liberia Kpelle,Mande,EA031,4,200-399,1920,,
Af16,Banyang,xd193,keny1279,Kenyang,Atlantic-Congo,EA031,4,200-399,1910,,
Af37,Buem,xd216,siwu1238,Siwu,Atlantic-Congo,EA031,4,200-399,1900,with special reference to the Akpafu,
Af52,Guro,xd233,guro1248,Guro,Mande,EA031,4,200-399,1920,,
Af56,Ngere,xd237,dann1241,Dan,Mande,EA031,4,200-399,1930,with special reference to the Gio of the Ivory Coast,
Ag30,Bobo,xd267,nort2819,Northern Bobo Madaré,Mande,EA031,4,200-399,1910,,
Ah1,Katab,xd298,kata1265,Katab,Atlantic-Congo,EA031,4,200-399,1930,Zaria Province,
Ah10,Chawai,xd299,atsa1241,Atsam,Atlantic-Congo,EA031,4,200-399,1920,,
Ah3,Tiv,xd320,tivv1240,Tiv,Atlantic-Congo,EA031,4,200-399,1920,Tar of Benue Province,
Ah31,Mumuye,xd322,nucl1240,Mumuye,Atlantic-Congo,EA031,4,200-399,1910,,
Ah9,Anaguta,xd336,igut1238,Iguta,Atlantic-Congo,EA031,4,200-399,1920,,
Ai28,Popoi,xd357,popo1291,Popoi,Central Sudanic,EA031,4,200-399,1910,,
Ai36,Jur,xd366,luok1236,Luo (Kenya and Tanzania),Nilotic,EA031,4,200-399,1920,,
Ai44,Anuak,xd375,anua1242,Anuak,Nilotic,EA031,4,200-399,1920,,
Ai7,Gbaya,xd381,nort2775,Northwest Gbaya,Atlantic-Congo,EA031,4,200-399,1910,,
Ai9,Masa,xd383,masa1322,Masana,Afro-Asiatic,EA031,4,200-399,1910,Around Yagoua in Cameroon,
Ca18,Arbore,xd424,arbo1245,Arbore,Afro-Asiatic,EA031,4,200-399,1940,,
Ce1,Gheg,xd528,gheg1238,Gheg Albanian,Indo-European,EA031,4,200-399,1900,Mountain Gheg of No. Albania,
Ci12,Abkhaz,xd577,abkh1244,Abkhazian,Abkhaz-Adyge,EA031,4,200-399,1880,Abkhaz Tribe,
Ee2,Burusho,xd654,buru1296,Burushaski,,EA031,4,200-399,1930,Hunza State,
Ee6,Sherpa,xd658,sher1255,Solu-Khumbu Sherpa,Sino-Tibetan,EA031,4,200-399,1950,with special reference to those of Khumbu,
Eh8,Sakalava,xd694,saka1291,West Malagasy Sakalava,Austronesian,EA031,4,200-399,1900,,
Ei16,Sema,xd703,sumi1235,Sumi Naga,Sino-Tibetan,EA031,4,200-399,1910,,
Ej12,Lawa,xd719,west2396,Western Lawa,Austroasiatic,EA031,4,200-399,1960,,
Ej7,Akha,xd729,akha1245,Akha,Sino-Tibetan,EA031,4,200-399,1950,,
Ia13,Badjau Tawi-Tawi,xd736,sout2918,Southern Sama,Austronesian,EA031,4,200-399,1960,Tawi-Tawi and adjacent islands,
Ia14,Tao,xd737,yami1254,Yami,Austronesian,EA031,4,200-399,1930,,
Ia6,Paiwan,xd746,paiw1248,Paiwan,Austronesian,EA031,4,200-399,1930,Su-Paiwan Village,
Ib3,Balinese,xd752,bali1278,Balinese,Austronesian,EA031,4,200-399,1950,Tihingan Village,
Ib5,Kadazan-Dusun,xd754,cent2100,Central Dusun,Austronesian,EA031,4,200-399,1920,with special reference to the village of Sensuron,
Ie11,Kakoli,xd787,umbu1258,Umbu-Ungu,Nuclear Trans New Guinea,EA031,4,200-399,1950,,
Ie17,Siane,xd793,sian1257,Siane,Nuclear Trans New Guinea,EA031,4,200-399,1940,,
Ie18,Kimam,xd794,kima1246,Kimaama,Kolopom,EA031,4,200-399,1940,Bamol Village,
Ie19,Marind-Amin,xd795,nucl1622,Marind,Anim,EA031,4,200-399,1910,with special reference to the coastal inhabitants,
Ie22,Mekeo,xd799,meke1243,Mekeo,Austronesian,EA031,4,200-399,1900,,
Ie35,Iatmul,xd813,iatm1242,Iatmul,Ndu,EA031,4,200-399,1930,,
Ie38,Dani,xd816,midg1235,Mid Grand Valley Dani,Nuclear Trans New Guinea,EA031,4,200-399,1960,with special reference to the Dugum group of the Grand Valley of the Balim River,
Ie7,Enga,xd821,enga1252,Enga,Nuclear Trans New Guinea,EA031,4,200-399,1950,with special reference to the Mae group,
If13,Nauruans,xd828,naur1243,Nauru,Austronesian,EA031,4,200-399,1900,,
If14,Makin,xd829,bana1287,Banaban,Austronesian,EA031,4,200-399,1890,Makin and Butiritari Islands (N),
If16,Lamotrek,xd831,lamo1243,Lamotrek,Austronesian,EA031,4,200-399,1960,,
If7,Gilbert Onotoa,xd838,nuii1237,Nui,Austronesian,EA031,4,200-399,1940,with special reference to the inhabitants of Onotoa,
Ig14,Dahuni,xd846,suau1242,Suau,Austronesian,EA031,4,200-399,1900,,
Ig4,Lesu,xd856,nots1237,Notsi,Austronesian,EA031,4,200-399,1930,Lesu Village,
Ii14,Upolu Samoans,xd880,samo1305,Samoan,Austronesian,EA031,4,200-399,1829,,
Ii9,Niueans,xd888,niue1239,Niuean,Austronesian,EA031,4,200-399,1840,,
Ij2,Māori,xd891,maor1246,Maori,Austronesian,EA031,4,200-399,1820,Nga Puhi Tribe,
Na19,Dakelh,xd1035,carr1249,Carrier,Athabaskan-Eyak-Tlingit,EA031,4,200-399,1880,with special reference to the Hwitsowitenne,
Nb22,Tlingit,xd1082,tlin1245,Tlingit,Athabaskan-Eyak-Tlingit,EA031,4,200-399,1880,with special reference to the Chilkat,
Nb8,Haisla,xd1105,hais1244,Haisla,Wakashan,EA031,4,200-399,1880,,
Nd1,Tenino,xd1141,teni1238,Tenino,Sahaptian,EA031,4,200-399,1850,,
Ne11,Assiniboine,xd1210,assi1247,Assiniboine,Siouan,EA031,4,200-399,1870,,
Ne12,Blackfoot,xd1211,pieg1239,Piegan,Algic,EA031,4,200-399,1850,,
Ne14,Bungi,xd1213,west1510,Western Ojibwa,Algic,EA031,4,200-399,1850,,
Ne18,Piegan,xd1217,pieg1239,Piegan,Algic,EA031,4,200-399,1850,,
Ne9,Arapaho,xd1228,arap1274,Arapaho,Algic,EA031,4,200-399,1860,,
Nf6,Pawnee,xd1240,pawn1254,Pawnee,Caddoan,EA031,4,200-399,1867,Skidi Band or subtribe,
Ng10,Seneca,xd1245,sene1264,Seneca,Iroquoian,EA031,4,200-399,1750,with special reference to the Seneca tribe,
Ng5,Cherokee,xd1254,cher1273,Cherokee,Iroquoian,EA031,4,200-399,1750,,
Ng6,Delaware,xd1255,unam1242,Unami,Algic,EA031,4,200-399,1700,with special reference to the Munsee,
Ng7,Natchez,xd1256,natc1249,Natchez,,EA031,4,200-399,1700,Natchez Kingdom,
Nh11,San Ildefonso,xd1261,sani1273,San Ildefonso,Kiowa-Tanoan,EA031,4,200-399,1900,with special reference to the pueblo of San Ildefonso,
Nh12,Santa Ana,xd1262,sant1426,Santa Ana,Keresan,EA031,4,200-399,1920,,
Nh18,Hopi,xd1268,hopi1249,Hopi,Uto-Aztecan,EA031,4,200-399,1920,Old Oraiibi,
Nh25,Sia,xd1276,ziaa1251,Zia (United States),Keresan,EA031,4,200-399,1920,,
Nh3,Navajo,xd1279,nava1243,Navajo,Athabaskan-Eyak-Tlingit,EA031,4,200-399,1930,,
Sh8,Toba,xd1395,toba1269,Toba,Guaicuruan,EA031,4,200-399,1964,with special reference to those of the Argentine Chaco,
Sj8,Tupinambá,xd1416,tupi1273,Tupinambá,Tupian,EA031,4,200-399,1600,Hinterland of Rio de Janeiro,
ch13,Besermyan,xd550,nort2676,North Udmurt,Uralic,EA031,4,200-399,1894,with special reference to the Glazovskij Uezd Besermyan,
ch14,Chuvash,xd551,chuv1255,Chuvash,Turkic,EA031,4,200-399,1908,with special reference to the Virjal group,
ch26,Udmurt,xd564,sout2681,South Udmurt,Uralic,EA031,4,200-399,1890,with special reference to those of the Sarapul'skij Uezd,
Ab14,Lovedu,xd15,lobe1242,Lobedu,Atlantic-Congo,EA031,5,400-1000,1930,,
Ac34,Luapula,xd60,luun1238,Luunda,Atlantic-Congo,EA031,5,400-1000,1940,,
Ad2,Nyoro,xd87,nyor1246,Nyoro,Atlantic-Congo,EA031,5,400-1000,1950,,
Ad24,Gogo,xd92,gogo1263,Gogo,Atlantic-Congo,EA031,5,400-1000,1910,,
Ad3,Chagga,xd98,moch1256,Mochi,Atlantic-Congo,EA031,5,400-1000,1910,,
Ad39,Sonjo,xd108,temi1247,Temi,Atlantic-Congo,EA031,5,400-1000,1950,,
Ad40,Tiriki,xd110,idak1243,Idakho-Isukha-Tiriki,Atlantic-Congo,EA031,5,400-1000,1950,,
Ae56,Nsaw,xd178,lamn1239,Lamnso',Atlantic-Congo,EA031,5,400-1000,1950,,
Af10,Igbo,xd187,nucl1417,Igbo,Atlantic-Congo,EA031,5,400-1000,1930,,
Af20,Ibibio,xd198,ibib1240,Ibibio,Atlantic-Congo,EA031,5,400-1000,1910,,
Af5,Mende,xd230,mend1266,Mende (Sierra Leone),Mande,EA031,5,400-1000,1930,,
Af51,Gagu,xd232,gagu1242,Gban,Mande,EA031,5,400-1000,1920,,
Af54,Gbande,xd235,band1352,Bandi,Mande,EA031,5,400-1000,1930,,
Af7,Bete,xd241,dalo1238,Daloa Bété,Atlantic-Congo,EA031,5,400-1000,1950,,
Af8,Nupe,xd242,nupe1254,Nupe-Nupe-Tako,Atlantic-Congo,EA031,5,400-1000,1930,,
Ag39,Dagara,xd276,sout2789,Central Dagaare,Atlantic-Congo,EA031,5,400-1000,1910,,
Ag4,Tallensi,xd277,taln1239,Talni,Atlantic-Congo,EA031,5,400-1000,1930,Tallensi Tribe,
Ag53,Bisa,xd292,biss1248,Bissa,Mande,EA031,5,400-1000,1960,with special reference to those of Garango,
Ag54,Yalunka,xd293,yalu1240,Yalunka,Mande,EA031,5,400-1000,1910,,
Ah4,Mambila,xd331,came1252,Donga Mambila,Atlantic-Congo,EA031,5,400-1000,1920,,
Ah5,Margi,xd332,marg1265,Marghi Central,Afro-Asiatic,EA031,5,400-1000,1930,,
Ai6,Shilluk,xd380,shil1265,Shilluk,Nilotic,EA031,5,400-1000,1900,Shilluk Kingdom,
Aj12,Lotuko,xd387,otuh1238,Otuho,Nilotic,EA031,5,400-1000,1920,,
Cd4,Kabyle,xd522,kaby1243,Kabyle,Afro-Asiatic,EA031,5,400-1000,1890,,
Ch4,Mari,xd568,east2328,Eastern Mari,Uralic,EA031,5,400-1000,1900,,
Cj8,Druze,xd594,sunn1238,Sunni Beiruti Arabic,Afro-Asiatic,EA031,5,400-1000,1930,with special reference to those of Mount Carmel in Israel,
Ea12,Qashqui,xd599,qash1240,Qashqa'i,Turkic,EA031,5,400-1000,1940,,
Ea2,Yusufzai,xd601,yusu1238,Yusufzai,Indo-European,EA031,5,400-1000,1950,with special reference to the Yusufsai of Swat,
Ea5,Nuristani,xd604,kamv1242,Kamviri,Indo-European,EA031,5,400-1000,1890,,
Ea6,Basseri,xd605,bass1257,Basseri,Indo-European,EA031,5,400-1000,1958,Nomadic branch,
Ed8,Minchia,xd651,cent2004,Central Bai,Sino-Tibetan,EA031,5,400-1000,1930,,
Ee5,Shina,xd657,shin1264,Shina,Indo-European,EA031,5,400-1000,1870,with special reference to the Shina tribe,
Ei14,Ao,xd701,aona1235,Ao Naga,Sino-Tibetan,EA031,5,400-1000,1920,with special reference to the Chongli,
Ej11,Cham,xd718,east2563,Eastern Cham,Austronesian,EA031,5,400-1000,1950,with special reference to the non-Muslim Cham of Vietnam,
Ia11,Puyuma,xd734,puyu1239,Puyuma,Austronesian,EA031,5,400-1000,1930,,
Ia16,Kalinga,xd739,lubu1243,Lubuagan Kalinga,Austronesian,EA031,5,400-1000,1910,with special reference to the northern Kalinga,
Ia8,Bontok,xd748,cent2292,Central Bontoc,Austronesian,EA031,5,400-1000,1900,,
Ia9,Ami,xd749,amis1246,Amis,Austronesian,EA031,5,400-1000,1930,with special reference to the southern Ami,
Ic12,Sumbawanese,xd762,sumb1241,Sumbawa,Austronesian,EA031,5,400-1000,1951,with special reference to the village of Rarak in Western Sumbawa,
Ic7,Ili-Mandiri,xd769,lama1277,Lamaholot,Austronesian,EA031,5,400-1000,1920,with special reference to the village of Leloba in E. Flores,
Ie10,Motu,xd786,motu1246,Motu,Austronesian,EA031,5,400-1000,1950,with special reference to the Western Motu,
Ie32,Sio,xd810,sioo1240,Sio,Austronesian,EA031,5,400-1000,1964,,
Ie8,Purari,xd822,pura1257,Purari,,EA031,5,400-1000,1910,with special reference to the Koriki,
If8,Chamorro,xd839,cham1312,Chamorro,Austronesian,EA031,5,400-1000,1950,with special reference to those of Saipa,
Ii2,Tikopia,xd881,tiko1237,Tikopia,Austronesian,EA031,5,400-1000,1930,Ravenga District,
Ne10,Arikara,xd1209,arik1262,Arikara,Caddoan,EA031,5,400-1000,1860,,
Ne15,Hidatsa,xd1214,hida1246,Hidatsa,Siouan,EA031,5,400-1000,1860,Hidatsa Village,
Nf4,Myaamia,xd1238,miam1252,Miami,Algic,EA031,5,400-1000,1720,,
Ng1,Huron,xd1244,wyan1247,Wyandot,Iroquoian,EA031,5,400-1000,1640,Bear and Cord Subtribes,
Ng3,Muscogee,xd1252,cree1270,Creek,Muskogean,EA031,5,400-1000,1750,Upper division in Alabama,
Nh2,Hano,xd1270,ariz1237,Arizona Tewa,Kiowa-Tanoan,EA031,5,400-1000,1950,,
Nh6,Taos,xd1282,taos1236,Taos,Kiowa-Tanoan,EA031,5,400-1000,1890,,
Nh7,Cochiti,xd1283,coch1273,Cochiti,Keresan,EA031,5,400-1000,1890,,
Nh8,Jemez,xd1284,jeme1245,Towa,Kiowa-Tanoan,EA031,5,400-1000,1920,,
Ni3,Huichol,xd1288,huic1243,Huichol,Uto-Aztecan,EA031,5,400-1000,1920,Huichol Tribe,
Nj1,Chinantec,xd1295,ojit1237,Ojitlán Chinantec,Otomanguean,EA031,5,400-1000,1940,Ojitlan,
Sb4,Cariña,xd1329,taba1267,Tabajari,Cariban,EA031,5,400-1000,1950,with special reference to the Cachama group,
Se10,Cocama,xd1363,coca1259,Cocama-Cocamilla,Tupian,EA031,5,400-1000,1670,,
Sf2,Aymara,xd1375,cent2142,Central Aymara,Aymaran,EA031,5,400-1000,1940,Chucuito Clan community in Peru,
Sf3,Chachi,xd1376,chac1249,Cha'palaa,Barbacoan,EA031,5,400-1000,1910,Rio Cayapas Basin,
ch22,Lithuanian Karaim,xd560,kara1464,Karaim,Turkic,EA031,5,400-1000,1895,with special reference to those of the Trakaj area,
Af23,Afikpo,xd201,afik1238,Afikpo,Atlantic-Congo,EA031,6,1000+ no towns,1950,with special reference to the village of Mgbom,
Af26,Kukuruku,xd204,yekh1238,Yekhee,Atlantic-Congo,EA031,6,1000+ no towns,1900,with special reference to the Etsako,
Ag29,Samo,xd265,sout2844,Southern Samo,Mande,EA031,6,1000+ no towns,1910,,
Ca1,Konso,xd415,kons1243,Konso,Afro-Asiatic,EA031,6,1000+ no towns,1930,Town of Buso,
Cc3,Siwans,xd500,siwi1239,Siwi,Afro-Asiatic,EA031,6,1000+ no towns,1920,inhabitants of the oasis of Siwa,
Ei13,Angami,xd700,anga1288,Angami Naga,Sino-Tibetan,EA031,6,1000+ no towns,1910,,
Ej9,Thai,xd731,thai1261,Thai,Tai-Kadai,EA031,6,1000+ no towns,1940,,
Ia2,Sagada,xd742,nort2877,Northern Kankanay,Austronesian,EA031,6,1000+ no towns,1950,,
Ic11,Ambonese,xd761,ambo1250,Ambonese Malay,Austronesian,EA031,6,1000+ no towns,1950,Allang,
Ih14,Mbau Fijians,xd867,bauu1243,Bau (Fijian),Austronesian,EA031,6,1000+ no towns,1840,"Bau Chiefdom, Vanua Levu",
Nh10,Isleta,xd1260,sout2961,Southern Tiwa,Kiowa-Tanoan,EA031,6,1000+ no towns,1920,,
Nh13,Acoma,xd1263,acom1246,Acoma,Keresan,EA031,6,1000+ no towns,1920,,
Nh14,Laguna,xd1264,acom1246,Acoma,Keresan,EA031,6,1000+ no towns,1920,,
Nh4,Zuni,xd1280,zuni1245,Zuni,,EA031,6,1000+ no towns,1910,Pueblo,
Sa7,Garifuna,xd1323,gari1256,Garifuna,Arawakan,EA031,6,1000+ no towns,1940,,
Sa8,Mam,xd1324,mamm1241,Mam,Mayan,EA031,6,1000+ no towns,1930,with special reference to the village of Santiago Chimaltenango,
ch15,Erzya Mordvins,xd552,erzy1239,Erzya,Uralic,EA031,6,1000+ no towns,1895,with special reference to those of the Boklinskij Uezd,
Ab13,Tswana,xd14,tswa1253,Tswana,Atlantic-Congo,EA031,7,5000-50000,1880,with special reference to the Kgatla (Bakxatla),
Ab9,Ndebele,xd32,nort2795,Zimbabwean Ndebele,Atlantic-Congo,EA031,7,5000-50000,1870,,
Ad7,Ganda,xd124,gand1255,Ganda,Atlantic-Congo,EA031,7,5000-50000,1880,Kyaddondo district (V: Kampala),
Af1,Fon,xd186,fonn1241,Fon,Atlantic-Congo,EA031,7,5000-50000,1890,City and environs of Abomey,
Af3,Ashanti,xd208,asan1239,Asante,Atlantic-Congo,EA031,7,5000-50000,1900,Kumasi State,
Af30,Igala,xd209,igal1242,Igala,Atlantic-Congo,EA031,7,5000-50000,1920,,
Af32,Egba,xd211,egba1238,Egba,Atlantic-Congo,EA031,7,5000-50000,1920,Abeouta Province and Benin,
Af33,Ekiti,xd212,ekit1244,Ekiti,Atlantic-Congo,EA031,7,5000-50000,1950,"Ekiti Division, Ondo Prov.",
Af4,Yako,xd219,loka1252,Lokaa,Atlantic-Congo,EA031,7,5000-50000,1930,,
Ag1,Bambara,xd244,bamb1269,Bambara,Mande,EA031,7,5000-50000,1920,Segou to Bamako on Niger River,
Ag2,Mossi (Yatenga),xd255,moss1236,Mossi,Atlantic-Congo,EA031,7,5000-50000,1950,"with special reference to Massi (Moshi) of Yatenga; (for those of Ouagadougou, see Ag47)",
Ag28,Nononke,xd264,jena1242,Jenaama Bozo,Mande,EA031,7,5000-50000,1930,,
Ag45,Gurma,xd283,gour1243,Gourmanchéma,Atlantic-Congo,EA031,7,5000-50000,1930,with special reference to those in the Diapaga region,
Ag47,Mossi (Ouagadougou),xd285,moss1236,Mossi,Atlantic-Congo,EA031,7,5000-50000,1900,with special reference to those of Ouagadougou (see Ag2 for those of Yatenga),
Ai21,Bagirmi,xd350,bagi1246,Bagirmi,Central Sudanic,EA031,7,5000-50000,1880,,
Ca3,Tigrinya,xd437,tigr1271,Tigrinya,Afro-Asiatic,EA031,7,5000-50000,1950,,
Cb19,Kanuri,xd468,cent2050,Central Kanuri,Saharan,EA031,7,5000-50000,1870,,
Cb3,Songhai,xd480,koyr1242,Koyraboro Senni Songhai,Songhay,EA031,7,5000-50000,1940,Bamba division,
Cc4,Mzab,xd501,tumz1238,Tumzabt,Afro-Asiatic,EA031,7,5000-50000,1920,,
Cd15,Jebala,xd513,jebl1238,Jebli,Afro-Asiatic,EA031,7,5000-50000,1910,,
Cd19,Sahel,xd517,sahi1245,Sahil,Afro-Asiatic,EA031,7,5000-50000,1920,,
Cd3,Riffians,xd521,tari1263,Tarifiyt-Beni-Iznasen-Eastern Middle Atlas Berber,Afro-Asiatic,EA031,7,5000-50000,1920,Entirety: Moroccan,
Ch2,Hutsuls,xd557,sout2604,Southwest Ukrainian,Indo-European,EA031,7,5000-50000,1890,,
Ch6,Byelorussians,xd570,bela1254,Belarusian,Indo-European,EA031,7,5000-50000,1910,,
Cj10,Madan,xd587,meso1252,Gilit Mesopotamian Arabic,Afro-Asiatic,EA031,7,5000-50000,1950,with special reference to the village of ech-Chibayish,
Cj3,Hebrews,xd589,anci1244,Ancient Hebrew,Afro-Asiatic,EA031,7,5000-50000,-800,,
Ee4,Tibetans,xd656,tibe1272,Tibetan,Sino-Tibetan,EA031,7,5000-50000,1920,with special reference to Central Tibet,
Eh2,Merina,xd688,meri1243,Merina,Austronesian,EA031,7,5000-50000,1900,,
Ej16,Negri Sembilan,xd723,nege1240,Negeri Sembilan Malay,Austronesian,EA031,7,5000-50000,1958,Inas District,
Ib2,Javanese,xd751,java1254,Javanese,Austronesian,EA031,7,5000-50000,1950,Town and environs of Pare; Modjokuto,
Nj10,Zapotec,xd1296,yala1267,Yalálag Zapotec,Otomanguean,EA031,7,5000-50000,1940,mountain village of Yalagag,
Nj4,Totonac,xd1303,papa1238,Papantla Totonac,Totonacan,EA031,7,5000-50000,1940,,
Nj9,Tlaxcalans,xd1308,cent2132,Tlaxcala-Puebla-Central Nahuatl,Uto-Aztecan,EA031,7,5000-50000,1960,,
Sa6,Yucatec Maya,xd1322,yuca1254,Yucatec Maya,Mayan,EA031,7,5000-50000,1520,,
Sf1,Inca,xd1374,cusc1236,Cusco Quechua,Quechuan,EA031,7,5000-50000,1530,City and environs of Cuzco,
Sf6,Muisca,xd1379,chib1270,Chibcha,Chibchan,EA031,7,5000-50000,1540,,Inferred from the report of large fortified towns
ch17,Gagauz,xd554,gaga1249,Gagauz,Turkic,EA031,7,5000-50000,1894,with special reference to those of the Benderskij Uezd,
ch25,Moldovans,xd563,mold1248,Moldavian,Indo-European,EA031,7,5000-50000,1900,with special reference to the Beletskij Uezd,
Af24,Edo,xd202,bini1246,Bini,Atlantic-Congo,EA031,8,50000+,1900,,
Af34,Ife,xd213,ifee1241,Ifè,Atlantic-Congo,EA031,8,50000+,1930,"Ife Ilesha Division, Oyo Prov.",
Af6,Oyo Yoruba,xd240,ilaa1245,Ila (Yoruba),Atlantic-Congo,EA031,8,50000+,1950,"Yoruba, with special reference to the Oyo",
Ca7,Amhara,xd455,amha1245,Amharic,Afro-Asiatic,EA031,8,50000+,1950,Gondar district,
Cb2,Wolof,xd469,nucl1347,Wolof,Atlantic-Congo,EA031,8,50000+,1950,Upper and lower Salum in Gambia,"But 100-199 (code ""3"") if Dakar is not considered an indigenous city"
Cb26,Zazzagawa Hausa,xd476,araw1280,Arawa,Afro-Asiatic,EA031,8,50000+,1950,Zazzagawa of Zaria,
Cb9,Hausa Kanawa,xd486,kano1249,Kano,Afro-Asiatic,EA031,8,50000+,1940,"Hausa, with special reference to the Kanawa",
Cd12,Algerians,xd510,algi1247,Algiers,Afro-Asiatic,EA031,8,50000+,1870,,
Cd16,Moroccans,xd514,sout3117,Southern Morocco Arabic,Afro-Asiatic,EA031,8,50000+,1930,with special reference to those in the hinterlandof Casablanca,
Cd2,Egyptians,xd518,egyp1253,Egyptian Arabic,Afro-Asiatic,EA031,8,50000+,1950,Town and environs of Silwa,
Cd21,Tunisians,xd520,tuni1260,Tunis (Tunisian Arabic),Afro-Asiatic,EA031,8,50000+,1930,,
Cd6,Ancient Egyptians,xd524,egyp1246,Egyptian (Ancient),Afro-Asiatic,EA031,8,50000+,-1400,with special reference to the New Empire,
Ce3,Ancient Romans,xd530,lati1261,Latin,Indo-European,EA031,8,50000+,100,City and environs of Rome,
Ce5,Neapolitans,xd532,neap1235,Continental Southern Italian,Indo-European,EA031,8,50000+,1960,with special reference to the inhabitants of the city of Naples and its immediate environs,
Ce6,Spaniards,xd533,stan1288,Spanish,Indo-European,EA031,8,50000+,1950,with special reference to the inhabitants of Andalusia,
Ce7,Greeks,xd534,mode1248,Modern Greek,Indo-European,EA031,8,50000+,1950,with special reference to the village of Vasilika,
Ce8,Spanish Basques,xd535,west1508,Western Low Navarrese,Basque,EA031,8,50000+,1934,with special reference to the village of Vera,
Cf1,New Englanders,xd536,stan1293,English,Indo-European,EA031,8,50000+,1920,Small City in Connecticut,
Cf4,Brazilians,xd539,braz1246,Brazilian Portuguese,Indo-European,EA031,8,50000+,1940,with special reference to the village of Cruz das Almas near Sao Paulo,
Cf5,French Canadians,xd540,stan1290,French,Indo-European,EA031,8,50000+,1930,,
Cg1,Dutch,xd541,dutc1256,Dutch,Indo-European,EA031,8,50000+,1950,with special reference to the village of Anderen in Anlo parish of Drente province,
Cg3,Irish,xd543,iris1253,Irish,Indo-European,EA031,8,50000+,1930,County Clare,
Cg5,Walloons,xd545,wall1255,Walloon,Indo-European,EA031,8,50000+,1950,,
Ch1,Serbs,xd546,serb1264,Serbian,Indo-European,EA031,8,50000+,1950,with special reference to the village of Orasac,
Ch11,Russians,xd548,russ1263,Russian,Indo-European,EA031,8,50000+,1955,Viriatino Village,
Ch3,Czechs,xd567,czec1258,Czech,Indo-European,EA031,8,50000+,1940,with special reference to the Hana district of central Moravia,
Ch5,Bulgarians,xd569,bulg1262,Bulgarian,Indo-European,EA031,8,50000+,1940,with special reference to the village of Dragelevtsy,
Ch7,Ukranians,xd571,east2270,East Ukrainian,Indo-European,EA031,8,50000+,1930,,
Ch8,Magyar,xd572,hung1274,Hungarian,Uralic,EA031,8,50000+,1940,,
Ch9,Lithuanians,xd573,lith1251,Lithuanian,Indo-European,EA031,8,50000+,1930,,
Ci10,Armenians,xd575,nucl1235,Eastern Armenian,Indo-European,EA031,8,50000+,1900,Vicinity of Erevan,
Ci5,Turks,xd581,nucl1301,Turkish,Turkic,EA031,8,50000+,1950,Northern Anatolian Plateau,
Ci8,Georgians,xd584,imer1248,Imeretian,Kartvelian,EA031,8,50000+,1850,,
Cj1,Syrians,xd586,nort3142,North Mesopotamian Arabic,Afro-Asiatic,EA031,8,50000+,1950,with special reference to the village of Tell Toqaan,
Cj4,Babylonians,xd590,akka1240,Akkadian,Afro-Asiatic,EA031,8,50000+,-2000,City and environs of Babylon,
Cj6,Jordanians,xd592,sout3123,South Levantine Arabic,Afro-Asiatic,EA031,8,50000+,1950,with special reference to the sedentary population,
Cj7,Lebanese,xd593,nort3139,North Levantine Arabic,Afro-Asiatic,EA031,8,50000+,1950,with special reference to the village of Munsif,
Ea1,Sindhi,xd596,sind1272,Sindhi,Indo-European,EA031,8,50000+,1950,,
Ea13,Punjabi,xd600,west2386,Western Panjabi,Indo-European,EA031,8,50000+,1950,Mohla Village,
Ea9,Iranians,xd608,tehr1242,Tehrani,Indo-European,EA031,8,50000+,1950,,
Ed1,Koreans,xd638,kore1280,Korean,Koreanic,EA031,8,50000+,1950,Kanghwa Island,
Ed10,Shantung,xd639,mand1415,Mandarin Chinese,Sino-Tibetan,EA031,8,50000+,1930,with special reference to the village of Taitou,
Ed15b,Chekiang,xd643,wuch1236,Wu Chinese,Sino-Tibetan,EA031,8,50000+,1936,"Kaihsienkung Village, Chekiang",
Ed5,Japanese,xd648,nucl1643,Japanese,Japonic,EA031,8,50000+,1950,Okayama,
Ed6,Min Chinese,xd649,minn1241,Min Nan Chinese,Sino-Tibetan,EA031,8,50000+,1920,with special reference to those in the hinterland of Swatow,
Ed7,Okinawans,xd650,cent2126,Central Okinawan,Japonic,EA031,8,50000+,1950,,
Ef11,Uttar Pradesh,xd663,bhoj1244,Bhojpuri,Indo-European,EA031,8,50000+,1945,Village and environs of Senapur,
Ef2,Bengali,xd664,beng1280,Bengali,Indo-European,EA031,8,50000+,1940,with special reference t the Western or Hindu Bengali,
Ef7,Pahari,xd669,maha1287,Mahasu Pahari,Indo-European,EA031,8,50000+,1950,with special reference to the village of Sirkanda in western Uttar Pradesh,
Ef8,Kashmiri,xd670,kash1277,Kashmiri,Indo-European,EA031,8,50000+,1950,with special reference to the Pandit or Sarasvati Brahmans,
Ef9,Gujarati,xd671,guja1252,Gujarati,Indo-European,EA031,8,50000+,1136,"Village of Atgam, Surat District; possibly also other areas",
Eg10,Telugu,xd673,telu1262,Telugu,Dravidian,EA031,8,50000+,1950,with special reference to the village of Shamirpet,
Eg2,Tamil,xd678,tami1289,Tamil,Dravidian,EA031,8,50000+,1880,with special reference to the agricultural castes in Tanjore,
Eg6,Kerala,xd682,mala1464,Malayalam,Dravidian,EA031,8,50000+,1799,with special reference to Northern Kerala,
Eh6,Sinhalese,xd692,sinh1246,Sinhala,Indo-European,EA031,8,50000+,1950,with special reference to the Kandyan Sinhalese,
Ei3,Burmese,xd709,nucl1310,Burmese,Sino-Tibetan,EA031,8,50000+,1950,Nondwin Village,
Ej15,Ancient Khmer,xd722,oldk1249,Old Khmer,Austroasiatic,EA031,8,50000+,1292,with special reference to the city and environs of Angkor Wat in 1292,
Ej4,Annamese,xd726,viet1252,Vietnamese,Austroasiatic,EA031,8,50000+,1950,Red River Delta in Tonkin,
Ej5,Khmer,xd727,cent1989,Central Khmer,Austroasiatic,EA031,8,50000+,1950,,
Ia12,Sugbuanon,xd735,cebu1242,Cebuano,Austronesian,EA031,8,50000+,1950,,
Nj2,Aztec,xd1301,clas1250,Classical Nahuatl,Uto-Aztecan,EA031,8,50000+,1520,City & environs of Tenochtitlan,
Sb9,Haitians,xd1334,hait1244,Haitian,Indo-European,EA031,8,50000+,1930,,
ch12,Bashkir,xd549,bash1264,Bashkir,Turkic,EA031,8,50000+,1899,with special reference to the Birskij Uezd Bashkir,
ch16,Estonians,xd553,esto1258,Estonian,Uralic,EA031,8,50000+,1908,with special reference to the Valkskij Uezd,
ch20,Kazan tatar,xd558,midd1325,Middle Tatar,Turkic,EA031,8,50000+,1910,with special reference to those of the Altayrskij Uezd,
ch21,Latvians,xd559,latv1249,Latvian,Indo-European,EA031,8,50000+,1881,with special reference to the Vidzeme group,
